list1	list2	spearmansRho	lowerConfidence	upperConfidence
Dyen 1975 P	Dyen 1975 P	1	1	1
Dyen 1975 P	Holman ranking value	0.705	0.59	0.792
Dyen 1975 P	inf	0.397	0.264	0.515
Dyen 1975 P	lgc	0.235	0.089	0.37
Dyen 1975 P	Pagel mean rate	0.454	0.328	0.565
Dyen 1975 P	Petroni & Serva	0.225	0.023	0.41
Dyen 1975 P	Peust ranking	0.507	0.388	0.61
Dyen 1975 P	Rama & Borin score	0.581	0.433	0.698
Dyen 1975 P	ranking_value	0.449	0.322	0.56
Dyen 1975 P	Tadmor score	0.267	0.072	0.443
Dyen 1975 P	Tadmor score (replica)	0.237	0.092	0.373
Dyen 1975 P	Tadmor representation score	0.157	-0.044	0.346
Dyen 1975 P	WOLD age score	0.316	0.176	0.444
Dyen 1975 P	WOLD borrowed score	-0.026	-0.174	0.123
Dyen 1975 P	WOLD simplicity score	0.327	0.187	0.454
Holman ranking value	Dyen 1975 P	0.705	0.59	0.792
Holman ranking value	Holman ranking value	1	1	1
Holman ranking value	inf	0.35	0.164	0.512
Holman ranking value	lgc	0.199	0.002	0.381
Holman ranking value	Pagel mean rate	0.451	0.278	0.595
Holman ranking value	Petroni & Serva	0.197	-0.007	0.386
Holman ranking value	Peust ranking	0.518	0.357	0.649
Holman ranking value	Rama & Borin score	0.633	0.498	0.738
Holman ranking value	ranking_value	0.454	0.282	0.598
Holman ranking value	Tadmor score	0.342	0.153	0.507
Holman ranking value	Tadmor score (replica)	0.201	0.003	0.383
Holman ranking value	Tadmor representation score	0.048	-0.153	0.245
Holman ranking value	WOLD age score	0.264	0.07	0.438
Holman ranking value	WOLD borrowed score	-0.118	-0.309	0.081
Holman ranking value	WOLD simplicity score	0.353	0.167	0.515
inf	Dyen 1975 P	0.397	0.264	0.515
inf	Holman ranking value	0.35	0.164	0.512
inf	inf	1	1	1
inf	lgc	0.104	0.042	0.164
inf	Pagel mean rate	0.533	0.419	0.631
inf	Petroni & Serva	0.295	0.098	0.471
inf	Peust ranking	0.255	0.112	0.388
inf	Rama & Borin score	0.593	0.448	0.708
inf	ranking_value	0.928	0.919	0.936
inf	Tadmor score	0.439	0.262	0.587
inf	Tadmor score (replica)	0.54	0.482	0.593
inf	Tadmor representation score	-0.185	-0.371	0.015
inf	WOLD age score	0.485	0.423	0.543
inf	WOLD borrowed score	0.236	0.161	0.309
inf	WOLD simplicity score	0.545	0.487	0.597
lgc	Dyen 1975 P	0.235	0.089	0.37
lgc	Holman ranking value	0.199	0.002	0.381
lgc	inf	0.104	0.042	0.164
lgc	lgc	1	1	1
lgc	Pagel mean rate	0.346	0.209	0.469
lgc	Petroni & Serva	0.16	-0.045	0.352
lgc	Peust ranking	0.31	0.171	0.437
lgc	Rama & Borin score	-0.068	-0.262	0.131
lgc	ranking_value	0.43	0.378	0.479
lgc	Tadmor score	-0.013	-0.212	0.187
lgc	Tadmor score (replica)	0.177	0.1	0.252
lgc	Tadmor representation score	0.156	-0.044	0.345
lgc	WOLD age score	0.152	0.074	0.227
lgc	WOLD borrowed score	0.144	0.066	0.22
lgc	WOLD simplicity score	0.005	-0.073	0.083
Pagel mean rate	Dyen 1975 P	0.454	0.328	0.565
Pagel mean rate	Holman ranking value	0.451	0.278	0.595
Pagel mean rate	inf	0.533	0.419	0.631
Pagel mean rate	lgc	0.346	0.209	0.469
Pagel mean rate	Pagel mean rate	1	1	1
Pagel mean rate	Petroni & Serva	0.493	0.322	0.633
Pagel mean rate	Peust ranking	0.725	0.647	0.789
Pagel mean rate	Rama & Borin score	0.383	0.201	0.54
Pagel mean rate	ranking_value	0.62	0.52	0.703
Pagel mean rate	Tadmor score	0.317	0.125	0.485
Pagel mean rate	Tadmor score (replica)	0.363	0.228	0.485
Pagel mean rate	Tadmor representation score	0.071	-0.13	0.267
Pagel mean rate	WOLD age score	0.278	0.136	0.409
Pagel mean rate	WOLD borrowed score	0.183	0.037	0.322
Pagel mean rate	WOLD simplicity score	0.298	0.158	0.427
Petroni & Serva	Dyen 1975 P	0.225	0.023	0.41
Petroni & Serva	Holman ranking value	0.197	-0.007	0.386
Petroni & Serva	inf	0.295	0.098	0.471
Petroni & Serva	lgc	0.16	-0.045	0.352
Petroni & Serva	Pagel mean rate	0.493	0.322	0.633
Petroni & Serva	Petroni & Serva	1	1	1
Petroni & Serva	Peust ranking	0.478	0.304	0.622
Petroni & Serva	Rama & Borin score	0.114	-0.092	0.311
Petroni & Serva	ranking_value	0.343	0.149	0.511
Petroni & Serva	Tadmor score	0.119	-0.087	0.315
Petroni & Serva	Tadmor score (replica)	0.051	-0.154	0.252
Petroni & Serva	Tadmor representation score	-0.019	-0.222	0.186
Petroni & Serva	WOLD age score	0.193	-0.011	0.382
Petroni & Serva	WOLD borrowed score	-0.127	-0.322	0.079
Petroni & Serva	WOLD simplicity score	0.289	0.091	0.465
Peust ranking	Dyen 1975 P	0.507	0.388	0.61
Peust ranking	Holman ranking value	0.518	0.357	0.649
Peust ranking	inf	0.255	0.112	0.388
Peust ranking	lgc	0.31	0.171	0.437
Peust ranking	Pagel mean rate	0.725	0.647	0.789
Peust ranking	Petroni & Serva	0.478	0.304	0.622
Peust ranking	Peust ranking	1	1	1
Peust ranking	Rama & Borin score	0.342	0.155	0.505
Peust ranking	ranking_value	0.395	0.264	0.513
Peust ranking	Tadmor score	0.26	0.064	0.437
Peust ranking	Tadmor score (replica)	0.073	-0.075	0.218
Peust ranking	Tadmor representation score	0.114	-0.087	0.307
Peust ranking	WOLD age score	0.102	-0.045	0.246
Peust ranking	WOLD borrowed score	0.048	-0.1	0.193
Peust ranking	WOLD simplicity score	0.117	-0.031	0.26
Rama & Borin score	Dyen 1975 P	0.581	0.433	0.698
Rama & Borin score	Holman ranking value	0.633	0.498	0.738
Rama & Borin score	inf	0.593	0.448	0.708
Rama & Borin score	lgc	-0.068	-0.262	0.131
Rama & Borin score	Pagel mean rate	0.383	0.201	0.54
Rama & Borin score	Petroni & Serva	0.114	-0.092	0.311
Rama & Borin score	Peust ranking	0.342	0.155	0.505
Rama & Borin score	Rama & Borin score	1	1	1
Rama & Borin score	ranking_value	0.568	0.417	0.688
Rama & Borin score	Tadmor score	0.322	0.131	0.49
Rama & Borin score	Tadmor score (replica)	0.245	0.05	0.422
Rama & Borin score	Tadmor representation score	-0.158	-0.347	0.043
Rama & Borin score	WOLD age score	0.178	-0.021	0.362
Rama & Borin score	WOLD borrowed score	0.006	-0.192	0.203
Rama & Borin score	WOLD simplicity score	0.339	0.152	0.503
ranking_value	Dyen 1975 P	0.449	0.322	0.56
ranking_value	Holman ranking value	0.454	0.282	0.598
ranking_value	inf	0.928	0.919	0.936
ranking_value	lgc	0.43	0.378	0.479
ranking_value	Pagel mean rate	0.62	0.52	0.703
ranking_value	Petroni & Serva	0.343	0.149	0.511
ranking_value	Peust ranking	0.395	0.264	0.513
ranking_value	Rama & Borin score	0.568	0.417	0.688
ranking_value	ranking_value	1	1	1
ranking_value	Tadmor score	0.396	0.213	0.552
ranking_value	Tadmor score (replica)	0.556	0.5	0.608
ranking_value	Tadmor representation score	-0.131	-0.322	0.07
ranking_value	WOLD age score	0.481	0.418	0.539
ranking_value	WOLD borrowed score	0.277	0.203	0.348
ranking_value	WOLD simplicity score	0.49	0.428	0.547
Tadmor representation score	Dyen 1975 P	0.157	-0.044	0.346
Tadmor representation score	Holman ranking value	0.048	-0.153	0.245
Tadmor representation score	inf	-0.185	-0.371	0.015
Tadmor representation score	lgc	0.156	-0.044	0.345
Tadmor representation score	Pagel mean rate	0.071	-0.13	0.267
Tadmor representation score	Petroni & Serva	-0.019	-0.222	0.186
Tadmor representation score	Peust ranking	0.114	-0.087	0.307
Tadmor representation score	Rama & Borin score	-0.158	-0.347	0.043
Tadmor representation score	ranking_value	-0.131	-0.322	0.07
Tadmor representation score	Tadmor score	0.017	-0.183	0.216
Tadmor representation score	Tadmor score (replica)	-0.092	-0.286	0.11
Tadmor representation score	Tadmor representation score	1	1	1
Tadmor representation score	WOLD age score	0.094	-0.107	0.288
Tadmor representation score	WOLD borrowed score	-0.203	-0.387	-0.004
Tadmor representation score	WOLD simplicity score	0.074	-0.127	0.269
Tadmor score	Dyen 1975 P	0.267	0.072	0.443
Tadmor score	Holman ranking value	0.342	0.153	0.507
Tadmor score	inf	0.439	0.262	0.587
Tadmor score	lgc	-0.013	-0.212	0.187
Tadmor score	Pagel mean rate	0.317	0.125	0.485
Tadmor score	Petroni & Serva	0.119	-0.087	0.315
Tadmor score	Peust ranking	0.26	0.064	0.437
Tadmor score	Rama & Borin score	0.322	0.131	0.49
Tadmor score	ranking_value	0.396	0.213	0.552
Tadmor score	Tadmor score	1	1	1
Tadmor score	Tadmor score (replica)	0.682	0.558	0.776
Tadmor score	Tadmor representation score	0.017	-0.183	0.216
Tadmor score	WOLD age score	0.256	0.059	0.433
Tadmor score	WOLD borrowed score	0.311	0.119	0.481
Tadmor score	WOLD simplicity score	0.404	0.222	0.558
Tadmor score (replica)	Dyen 1975 P	0.237	0.092	0.373
Tadmor score (replica)	Holman ranking value	0.201	0.003	0.383
Tadmor score (replica)	inf	0.54	0.482	0.593
Tadmor score (replica)	lgc	0.177	0.1	0.252
Tadmor score (replica)	Pagel mean rate	0.363	0.228	0.485
Tadmor score (replica)	Petroni & Serva	0.051	-0.154	0.252
Tadmor score (replica)	Peust ranking	0.073	-0.075	0.218
Tadmor score (replica)	Rama & Borin score	0.245	0.05	0.422
Tadmor score (replica)	ranking_value	0.556	0.5	0.608
Tadmor score (replica)	Tadmor score	0.682	0.558	0.776
Tadmor score (replica)	Tadmor score (replica)	1	1	1
Tadmor score (replica)	Tadmor representation score	-0.092	-0.286	0.11
Tadmor score (replica)	WOLD age score	0.573	0.518	0.624
Tadmor score (replica)	WOLD borrowed score	0.771	0.737	0.801
Tadmor score (replica)	WOLD simplicity score	0.417	0.35	0.479
WOLD age score	Dyen 1975 P	0.316	0.176	0.444
WOLD age score	Holman ranking value	0.264	0.07	0.438
WOLD age score	inf	0.485	0.423	0.543
WOLD age score	lgc	0.152	0.074	0.227
WOLD age score	Pagel mean rate	0.278	0.136	0.409
WOLD age score	Petroni & Serva	0.193	-0.011	0.382
WOLD age score	Peust ranking	0.102	-0.045	0.246
WOLD age score	Rama & Borin score	0.178	-0.021	0.362
WOLD age score	ranking_value	0.481	0.418	0.539
WOLD age score	Tadmor score	0.256	0.059	0.433
WOLD age score	Tadmor score (replica)	0.573	0.518	0.624
WOLD age score	WOLD age score	1	1	1
WOLD age score	WOLD borrowed score	0.163	0.086	0.239
WOLD age score	WOLD simplicity score	0.49	0.428	0.548
WOLD age score	Tadmor representation score	0.094	-0.107	0.288
WOLD borrowed score	Dyen 1975 P	-0.026	-0.174	0.123
WOLD borrowed score	Holman ranking value	-0.118	-0.309	0.081
WOLD borrowed score	inf	0.236	0.161	0.309
WOLD borrowed score	lgc	0.144	0.066	0.22
WOLD borrowed score	Pagel mean rate	0.183	0.037	0.322
WOLD borrowed score	Petroni & Serva	-0.127	-0.322	0.079
WOLD borrowed score	Peust ranking	0.048	-0.1	0.193
WOLD borrowed score	Rama & Borin score	0.006	-0.192	0.203
WOLD borrowed score	ranking_value	0.277	0.203	0.348
WOLD borrowed score	Tadmor score	0.311	0.119	0.481
WOLD borrowed score	Tadmor score (replica)	0.771	0.737	0.801
WOLD borrowed score	Tadmor representation score	-0.203	-0.387	-0.004
WOLD borrowed score	WOLD age score	0.163	0.086	0.239
WOLD borrowed score	WOLD borrowed score	1	1	1
WOLD borrowed score	WOLD simplicity score	-0.124	-0.201	-0.046
WOLD simplicity score	Dyen 1975 P	0.327	0.187	0.454
WOLD simplicity score	Holman ranking value	0.353	0.167	0.515
WOLD simplicity score	inf	0.545	0.487	0.597
WOLD simplicity score	lgc	0.005	-0.073	0.083
WOLD simplicity score	Pagel mean rate	0.298	0.158	0.427
WOLD simplicity score	Petroni & Serva	0.289	0.091	0.465
WOLD simplicity score	Peust ranking	0.117	-0.031	0.26
WOLD simplicity score	Rama & Borin score	0.339	0.152	0.503
WOLD simplicity score	ranking_value	0.49	0.428	0.547
WOLD simplicity score	Tadmor score	0.404	0.222	0.558
WOLD simplicity score	Tadmor score (replica)	0.417	0.35	0.479
WOLD simplicity score	Tadmor representation score	0.074	-0.127	0.269
WOLD simplicity score	WOLD age score	0.49	0.428	0.548
WOLD simplicity score	WOLD borrowed score	-0.124	-0.201	-0.046
WOLD simplicity score	WOLD simplicity score	1	1	1
